<?xml version="1.0" encoding="UTF-8"?>
<site>
   <feature url="features/org.postgresql_9.2.1003.jar" id="org.postgresql" version="9.2.1003">
      <category name="org.eclipse.emf.teneo.updatesite"/>
   </feature>
   <feature url="features/com.mysql.jdbc_5.1.26.jar" id="com.mysql.jdbc" version="5.1.26">
      <category name="org.eclipse.emf.teneo.updatesite"/>
   </feature>
   <feature url="features/org.hibernate_4.3.7.jar" id="org.hibernate" version="4.3.7.1">
      <category name="org.eclipse.emf.teneo.updatesite"/>
   </feature>
   <feature url="features/com.db4o_8.0.249.16098.jar" id="com.db4o" version="8.0.249.16098">
      <category name="org.eclipse.emf.teneo.updatesite"/>
   </feature>
   <feature url="features/com.microsoft.sqlserver.jdbc_4.0.2206.100.jar" id="com.microsoft.sqlserver.jdbc" version="4.0.2206.100">
      <category name="org.eclipse.emf.teneo.updatesite"/>
   </feature>
   <feature url="features/javax.persistence_2.1.0.jar" id="javax.persistence" version="2.1.0">
      <category name="org.eclipse.emf.teneo.updatesite"/>
   </feature>
   <feature url="features/org.dom4j_1.6.1.jar" id="org.dom4j" version="1.6.1">
      <category name="org.eclipse.emf.teneo.updatesite"/>
   </feature>
   <feature url="features/org.hsqldb_2.3.2.jar" id="org.hsqldb" version="2.3.2">
      <category name="org.eclipse.emf.teneo.updatesite"/>
   </feature>
   <feature url="features/org.apache.log4j_1.2.16.jar" id="org.apache.log4j" version="1.2.16">
      <category name="org.eclipse.emf.teneo.updatesite"/>
   </feature>
   <category-def name="org.eclipse.emf.teneo.updatesite" label="Teneo/Texo Dependencies">
      <description>
         Contains dependencies for the Teneo/Texo projects which can not be provided directly through an eclipse.org update site.
      </description>
   </category-def>
</site>
